<?xml version="1.0" encoding="UTF-8" ?>
<!DOCTYPE mapper PUBLIC "-//mybatis.org//DTD Mapper 3.0//EN"
        "http://mybatis.org/dtd/mybatis-3-mapper.dtd">
<mapper namespace="com.wangqiang.dao.CourseMapper">
    <select id="getCourseById" parameterType="int" resultType="Course">
        SELECT *
        FROM course
        WHERE id=#{id};
    </select>
    <insert id="addCourse" parameterType="Course">
        insert into mybatis.course (id, name, hour, sid) values (#{id},#{name},#{hour},#{sid});
    </insert>
    <update id="updateCourse" parameterType="Course">
        update mybatis.course set name =#{name},hour=#{hour},sid=#{sid} where id=#{id};
    </update>
    <delete id="deleteCourse" parameterType="int">
        delete from mybatis.course where id=#{id};
    </delete>
    <select id="queryAllCourse" resultType="Course">
        select * from mybatis.course order by sid;
    </select>
    <select id="queryCourseByName" resultType="Course">
        select * from mybatis.course where name =#{name};
    </select>
    <select id="isCourseNameExist" parameterType="String" resultType="boolean">
        <![CDATA[ select * from  mybatis.course where name =#{name}]]>
    </select>
</mapper>