<?xml version="1.0" encoding="UTF-8" ?>
<!DOCTYPE mapper PUBLIC "-//mybatis.org//DTD Mapper 3.0//EN"
        "http://mybatis.org/dtd/mybatis-3-mapper.dtd">
<mapper namespace="com.wangqiang.dao.SchoolMapper">
    <select id="getSchool" resultMap="SchoolCourse">
        SELECT c.id,c.name,c.hour,s.id sid,s.schoolName
        FROM course c,school s
        WHERE s.id=c.sid AND s.id= #{sid}
    </select>
    <resultMap id="SchoolCourse" type="School">
        <result property="id" column="sid"/>
        <result property="schoolName" column="schoolName"/>
        <collection property="courseList" ofType="Course">
            <result property="id" column="id"/>
            <result property="name" column="name"/>
            <result property="hour" column="hour"/>
            <result property="sid" column="sid"/>
        </collection>
    </resultMap>
</mapper>